epoch,time,train/box_loss,train/cls_loss,train/dfl_loss,metrics/precision(B),metrics/recall(B),metrics/mAP50(B),metrics/mAP50-95(B),val/box_loss,val/cls_loss,val/dfl_loss,lr/pg0,lr/pg1,lr/pg2
1,13.5734,0,55.3312,0,0,0,0,0,0,2.32355,0,0.00032,0.00032,0.00032
2,26.6822,0,45.4773,0,0,0,0,0,0,2.1171,0,0.000656733,0.000656733,0.000656733
3,40.6912,0,40.0822,0,0,0,0,0,0,1.66185,0,0.0009901,0.0009901,0.0009901
4,55.0038,0,36.1033,0,0,0,0,0,0,1.34452,0,0.0013201,0.0013201,0.0013201
5,68.6703,0,34.4476,0,0,0,0,0,0,1.13789,0,0.00164674,0.00164674,0.00164674
6,81.9531,0,31.7222,0,0,0,0,0,0,1.07401,0,0.0019505,0.0019505,0.0019505
7,95.5045,0,29.7444,0,0,0,0,0,0,1.00532,0,0.0019406,0.0019406,0.0019406
8,109.048,0,27.7638,0,0,0,0,0,0,1.01591,0,0.0019307,0.0019307,0.0019307
9,122.69,0,25.9077,0,0,0,0,0,0,0.91216,0,0.0019208,0.0019208,0.0019208
10,135.952,0,24.3767,0,0,0,0,0,0,0.89769,0,0.0019109,0.0019109,0.0019109
11,149.396,0,22.712,0,0,0,0,0,0,0.92437,0,0.001901,0.001901,0.001901
12,162.544,0,21.4583,0,0,0,0,0,0,0.8985,0,0.0018911,0.0018911,0.0018911
13,176.209,0,19.8673,0,0,0,0,0,0,0.77323,0,0.0018812,0.0018812,0.0018812
14,189.709,0,18.4007,0,0,0,0,0,0,0.72001,0,0.0018713,0.0018713,0.0018713
15,203.394,0,17.0425,0,0,0,0,0,0,0.66193,0,0.0018614,0.0018614,0.0018614
16,216.649,0,15.7467,0,0,0,0,0,0,0.59996,0,0.0018515,0.0018515,0.0018515
17,230.236,0,14.5206,0,0,0,0,0,0,0.55329,0,0.0018416,0.0018416,0.0018416
18,243.939,0,13.2964,0,0,0,0,0,0,0.51434,0,0.0018317,0.0018317,0.0018317
19,257.594,0,12.5563,0,0,0,0,0,0,0.44478,0,0.0018218,0.0018218,0.0018218
20,271.121,0,11.5675,0,0,0,0,0,0,0.44222,0,0.0018119,0.0018119,0.0018119
21,284.71,0,10.4956,0,0,0,0,0,0,0.4266,0,0.001802,0.001802,0.001802
22,298.8,0,9.52197,0,0,0,0,0,0,0.35095,0,0.0017921,0.0017921,0.0017921
23,312.724,0,8.69499,0,0,0,0,0,0,0.31983,0,0.0017822,0.0017822,0.0017822
24,326.762,0,7.92078,0,0,0,0,0,0,0.31955,0,0.0017723,0.0017723,0.0017723
25,341.007,0,7.19568,0,0,0,0,0,0,0.30188,0,0.0017624,0.0017624,0.0017624
26,355.342,0,6.5276,0,0,0,0,0,0,0.2457,0,0.0017525,0.0017525,0.0017525
27,368.531,0,5.92335,0,0,0,0,0,0,0.226,0,0.0017426,0.0017426,0.0017426
28,381.498,0,5.409,0,0,0,0,0,0,0.22025,0,0.0017327,0.0017327,0.0017327
29,395.042,0,4.8796,0,0,0,0,0,0,0.18582,0,0.0017228,0.0017228,0.0017228
30,408.699,0,4.41291,0,0,0,0,0,0,0.18053,0,0.0017129,0.0017129,0.0017129
31,422.493,0,3.9826,0,0,0,0,0,0,0.15861,0,0.001703,0.001703,0.001703
32,435.918,0,3.57882,0,0,0,0,0,0,0.14731,0,0.0016931,0.0016931,0.0016931
33,449.145,0,3.21585,0,0,0,0,0,0,0.12426,0,0.0016832,0.0016832,0.0016832
34,462.205,0,2.88613,0,0,0,0,0,0,0.11659,0,0.0016733,0.0016733,0.0016733
35,475.358,0,2.58686,0,0,0,0,0,0,0.09972,0,0.0016634,0.0016634,0.0016634
36,488.393,0,2.30918,0,0,0,0,0,0,0.08729,0,0.0016535,0.0016535,0.0016535
37,501.394,0,2.06177,0,0,0,0,0,0,0.07568,0,0.0016436,0.0016436,0.0016436
38,514.52,0,1.84428,0,0,0,0,0,0,0.06688,0,0.0016337,0.0016337,0.0016337
39,527.527,0,1.66853,0,0,0,0,0,0,0.06399,0,0.0016238,0.0016238,0.0016238
40,540.622,0,1.47503,0,0,0,0,0,0,0.05941,0,0.0016139,0.0016139,0.0016139
41,553.643,0,1.31844,0,0,0,0,0,0,0.05259,0,0.001604,0.001604,0.001604
42,566.746,0,1.17555,0,0,0,0,0,0,0.04851,0,0.0015941,0.0015941,0.0015941
43,579.837,0,1.05342,0,0,0,0,0,0,0.03729,0,0.0015842,0.0015842,0.0015842
44,592.91,0,0.92234,0,0,0,0,0,0,0.03289,0,0.0015743,0.0015743,0.0015743
45,605.946,0,0.81793,0,0,0,0,0,0,0.02876,0,0.0015644,0.0015644,0.0015644
46,619.92,0,0.72541,0,0,0,0,0,0,0.02722,0,0.0015545,0.0015545,0.0015545
47,633.495,0,0.64457,0,0,0,0,0,0,0.02367,0,0.0015446,0.0015446,0.0015446
48,647.441,0,0.57457,0,0,0,0,0,0,0.01905,0,0.0015347,0.0015347,0.0015347
49,661.511,0,0.50765,0,0,0,0,0,0,0.02255,0,0.0015248,0.0015248,0.0015248
50,675.729,0,0.44871,0,0,0,0,0,0,0.01668,0,0.0015149,0.0015149,0.0015149
51,689.684,0,0.39687,0,0,0,0,0,0,0.01397,0,0.001505,0.001505,0.001505
52,702.83,0,0.3497,0,0,0,0,0,0,0.01344,0,0.0014951,0.0014951,0.0014951
53,715.961,0,0.31024,0,0,0,0,0,0,0.01024,0,0.0014852,0.0014852,0.0014852
54,729.081,0,0.27364,0,0,0,0,0,0,0.00934,0,0.0014753,0.0014753,0.0014753
55,742.139,0,0.24391,0,0,0,0,0,0,0.00906,0,0.0014654,0.0014654,0.0014654
56,755.205,0,0.2158,0,0,0,0,0,0,0.00691,0,0.0014555,0.0014555,0.0014555
57,768.327,0,0.1976,0,0,0,0,0,0,0.00736,0,0.0014456,0.0014456,0.0014456
58,781.48,0,0.19052,0,0,0,0,0,0,0.00629,0,0.0014357,0.0014357,0.0014357
59,794.577,0,0.1613,0,0,0,0,0,0,0.0069,0,0.0014258,0.0014258,0.0014258
60,807.623,0,0.1433,0,0,0,0,0,0,0.00749,0,0.0014159,0.0014159,0.0014159
61,820.605,0,0.1285,0,0,0,0,0,0,0.00756,0,0.001406,0.001406,0.001406
62,833.723,0,0.11077,0,0,0,0,0,0,0.00524,0,0.0013961,0.0013961,0.0013961
63,846.888,0,0.0939,0,0,0,0,0,0,0.0029,0,0.0013862,0.0013862,0.0013862
64,860.007,0,0.08211,0,0,0,0,0,0,0.00282,0,0.0013763,0.0013763,0.0013763
65,873.142,0,0.0746,0,0,0,0,0,0,0.00267,0,0.0013664,0.0013664,0.0013664
66,886.28,0,0.06851,0,0,0,0,0,0,0.00233,0,0.0013565,0.0013565,0.0013565
67,899.576,0,0.06361,0,0,0,0,0,0,0.00237,0,0.0013466,0.0013466,0.0013466
68,912.727,0,0.05785,0,0,0,0,0,0,0.0021,0,0.0013367,0.0013367,0.0013367
69,925.667,0,0.05158,0,0,0,0,0,0,0.00223,0,0.0013268,0.0013268,0.0013268
70,938.615,0,0.0437,0,0,0,0,0,0,0.00126,0,0.0013169,0.0013169,0.0013169
71,952.997,0,0.0365,0,0,0,0,0,0,0.00124,0,0.001307,0.001307,0.001307
72,966.606,0,0.03093,0,0,0,0,0,0,0.00097,0,0.0012971,0.0012971,0.0012971
73,980.031,0,0.02304,0,0,0,0,0,0,0.0007,0,0.0012872,0.0012872,0.0012872
74,993.357,0,0.01945,0,0,0,0,0,0,0.00072,0,0.0012773,0.0012773,0.0012773
75,1006.58,0,0.01643,0,0,0,0,0,0,0.00079,0,0.0012674,0.0012674,0.0012674
76,1020.07,0,0.01535,0,0,0,0,0,0,0.00054,0,0.0012575,0.0012575,0.0012575
77,1033.22,0,0.01458,0,0,0,0,0,0,0.00052,0,0.0012476,0.0012476,0.0012476
78,1046.23,0,0.01401,0,0,0,0,0,0,0.00056,0,0.0012377,0.0012377,0.0012377
79,1059.31,0,0.0135,0,0,0,0,0,0,0.00057,0,0.0012278,0.0012278,0.0012278
80,1072.47,0,0.01302,0,0,0,0,0,0,0.00052,0,0.0012179,0.0012179,0.0012179
81,1085.58,0,0.0126,0,0,0,0,0,0,0.00049,0,0.001208,0.001208,0.001208
82,1098.8,0,0.0123,0,0,0,0,0,0,0.00048,0,0.0011981,0.0011981,0.0011981
83,1111.89,0,0.01194,0,0,0,0,0,0,0.00047,0,0.0011882,0.0011882,0.0011882
84,1125.56,0,0.01165,0,0,0,0,0,0,0.00046,0,0.0011783,0.0011783,0.0011783
85,1139.65,0,0.01147,0,0,0,0,0,0,0.00044,0,0.0011684,0.0011684,0.0011684
86,1153.17,0,0.01116,0,0,0,0,0,0,0.00043,0,0.0011585,0.0011585,0.0011585
87,1166.73,0,0.01074,0,0,0,0,0,0,0.00043,0,0.0011486,0.0011486,0.0011486
88,1180.12,0,0.01058,0,0,0,0,0,0,0.00042,0,0.0011387,0.0011387,0.0011387
89,1193.57,0,0.01039,0,0,0,0,0,0,0.00042,0,0.0011288,0.0011288,0.0011288
90,1207.1,0,0.01024,0,0,0,0,0,0,0.00041,0,0.0011189,0.0011189,0.0011189
91,1221.3,0,0.00974,0,0,0,0,0,0,0.00038,0,0.001109,0.001109,0.001109
92,1234.34,0,0.0095,0,0,0,0,0,0,0.00035,0,0.0010991,0.0010991,0.0010991
93,1247.18,0,0.00858,0,0,0,0,0,0,0.00031,0,0.0010892,0.0010892,0.0010892
94,1260.2,0,0.00833,0,0,0,0,0,0,0.00024,0,0.0010793,0.0010793,0.0010793
95,1273.11,0,0.00706,0,0,0,0,0,0,0.00021,0,0.0010694,0.0010694,0.0010694
96,1286.55,0,0.00594,0,0,0,0,0,0,0.0002,0,0.0010595,0.0010595,0.0010595
97,1299.58,0,0.00513,0,0,0,0,0,0,0.00017,0,0.0010496,0.0010496,0.0010496
98,1312.66,0,0.00478,0,0,0,0,0,0,0.00016,0,0.0010397,0.0010397,0.0010397
99,1325.79,0,0.00408,0,0,0,0,0,0,0.00015,0,0.0010298,0.0010298,0.0010298
100,1338.98,0,0.00355,0,0,0,0,0,0,0.00014,0,0.0010199,0.0010199,0.0010199
101,1351.99,0,0.00334,0,0,0,0,0,0,0.00013,0,0.00101,0.00101,0.00101
102,1364.98,0,0.00326,0,0,0,0,0,0,0.00013,0,0.0010001,0.0010001,0.0010001
103,1378.23,0,0.00321,0,0,0,0,0,0,0.00013,0,0.0009902,0.0009902,0.0009902
104,1391.24,0,0.00317,0,0,0,0,0,0,0.00012,0,0.0009803,0.0009803,0.0009803
105,1404.32,0,0.00317,0,0,0,0,0,0,0.00012,0,0.0009704,0.0009704,0.0009704
106,1417.42,0,0.00303,0,0,0,0,0,0,0.00012,0,0.0009605,0.0009605,0.0009605
107,1430.6,0,0.003,0,0,0,0,0,0,0.00012,0,0.0009506,0.0009506,0.0009506
108,1443.89,0,0.00302,0,0,0,0,0,0,0.00012,0,0.0009407,0.0009407,0.0009407
109,1456.83,0,0.00302,0,0,0,0,0,0,0.00012,0,0.0009308,0.0009308,0.0009308
110,1470.01,0,0.00296,0,0,0,0,0,0,0.00012,0,0.0009209,0.0009209,0.0009209
111,1483.17,0,0.00295,0,0,0,0,0,0,0.00012,0,0.000911,0.000911,0.000911
112,1496.45,0,0.00296,0,0,0,0,0,0,0.00012,0,0.0009011,0.0009011,0.0009011
113,1509.61,0,0.00293,0,0,0,0,0,0,0.00012,0,0.0008912,0.0008912,0.0008912
114,1522.83,0,0.00292,0,0,0,0,0,0,0.00012,0,0.0008813,0.0008813,0.0008813
115,1536.01,0,0.00291,0,0,0,0,0,0,0.00012,0,0.0008714,0.0008714,0.0008714
116,1549.05,0,0.00288,0,0,0,0,0,0,0.00012,0,0.0008615,0.0008615,0.0008615
117,1562.16,0,0.00285,0,0,0,0,0,0,0.00011,0,0.0008516,0.0008516,0.0008516
118,1575.35,0,0.00288,0,0,0,0,0,0,0.00011,0,0.0008417,0.0008417,0.0008417
119,1588.43,0,0.00284,0,0,0,0,0,0,0.00011,0,0.0008318,0.0008318,0.0008318
120,1601.49,0,0.00282,0,0,0,0,0,0,0.00011,0,0.0008219,0.0008219,0.0008219
121,1614.67,0,0.00273,0,0,0,0,0,0,0.00011,0,0.000812,0.000812,0.000812
122,1627.75,0,0.0026,0,0,0,0,0,0,0.0001,0,0.0008021,0.0008021,0.0008021
123,1640.85,0,0.00253,0,0,0,0,0,0,0.0001,0,0.0007922,0.0007922,0.0007922
124,1653.94,0,0.00256,0,0,0,0,0,0,9e-05,0,0.0007823,0.0007823,0.0007823
125,1666.92,0,0.00253,0,0,0,0,0,0,9e-05,0,0.0007724,0.0007724,0.0007724
126,1680.09,0,0.00248,0,0,0,0,0,0,9e-05,0,0.0007625,0.0007625,0.0007625
127,1693.18,0,0.00223,0,0,0,0,0,0,9e-05,0,0.0007526,0.0007526,0.0007526
128,1706.26,0,0.0021,0,0,0,0,0,0,9e-05,0,0.0007427,0.0007427,0.0007427
129,1719.32,0,0.00201,0,0,0,0,0,0,9e-05,0,0.0007328,0.0007328,0.0007328
130,1732.41,0,0.00199,0,0,0,0,0,0,9e-05,0,0.0007229,0.0007229,0.0007229
131,1745.45,0,0.00196,0,0,0,0,0,0,8e-05,0,0.000713,0.000713,0.000713
132,1758.48,0,0.00185,0,0,0,0,0,0,8e-05,0,0.0007031,0.0007031,0.0007031
133,1771.52,0,0.00185,0,0,0,0,0,0,8e-05,0,0.0006932,0.0006932,0.0006932
134,1784.61,0,0.00183,0,0,0,0,0,0,8e-05,0,0.0006833,0.0006833,0.0006833
135,1797.8,0,0.00173,0,0,0,0,0,0,8e-05,0,0.0006734,0.0006734,0.0006734
136,1810.9,0,0.00181,0,0,0,0,0,0,7e-05,0,0.0006635,0.0006635,0.0006635
137,1824.02,0,0.00178,0,0,0,0,0,0,7e-05,0,0.0006536,0.0006536,0.0006536
138,1837.03,0,0.00167,0,0,0,0,0,0,7e-05,0,0.0006437,0.0006437,0.0006437
139,1850.14,0,0.00167,0,0,0,0,0,0,6e-05,0,0.0006338,0.0006338,0.0006338
140,1863.28,0,0.00154,0,0,0,0,0,0,6e-05,0,0.0006239,0.0006239,0.0006239
141,1876.32,0,0.00157,0,0,0,0,0,0,6e-05,0,0.000614,0.000614,0.000614
142,1889.88,0,0.00163,0,0,0,0,0,0,6e-05,0,0.0006041,0.0006041,0.0006041
143,1903.11,0,0.00168,0,0,0,0,0,0,6e-05,0,0.0005942,0.0005942,0.0005942
144,1916.45,0,0.00162,0,0,0,0,0,0,6e-05,0,0.0005843,0.0005843,0.0005843
145,1929.65,0,0.00155,0,0,0,0,0,0,6e-05,0,0.0005744,0.0005744,0.0005744
146,1942.77,0,0.00162,0,0,0,0,0,0,6e-05,0,0.0005645,0.0005645,0.0005645
147,1955.87,0,0.0015,0,0,0,0,0,0,6e-05,0,0.0005546,0.0005546,0.0005546
148,1968.84,0,0.00151,0,0,0,0,0,0,6e-05,0,0.0005447,0.0005447,0.0005447
149,1981.94,0,0.00149,0,0,0,0,0,0,6e-05,0,0.0005348,0.0005348,0.0005348
150,1994.9,0,0.00157,0,0,0,0,0,0,6e-05,0,0.0005249,0.0005249,0.0005249
151,2007.79,0,0.00151,0,0,0,0,0,0,6e-05,0,0.000515,0.000515,0.000515
152,2020.74,0,0.00148,0,0,0,0,0,0,6e-05,0,0.0005051,0.0005051,0.0005051
153,2033.72,0,0.0015,0,0,0,0,0,0,6e-05,0,0.0004952,0.0004952,0.0004952
154,2046.78,0,0.00148,0,0,0,0,0,0,6e-05,0,0.0004853,0.0004853,0.0004853
155,2059.7,0,0.00148,0,0,0,0,0,0,6e-05,0,0.0004754,0.0004754,0.0004754
156,2072.69,0,0.00148,0,0,0,0,0,0,6e-05,0,0.0004655,0.0004655,0.0004655
157,2085.79,0,0.00148,0,0,0,0,0,0,6e-05,0,0.0004556,0.0004556,0.0004556
158,2099.15,0,0.0015,0,0,0,0,0,0,6e-05,0,0.0004457,0.0004457,0.0004457
159,2112.38,0,0.00148,0,0,0,0,0,0,6e-05,0,0.0004358,0.0004358,0.0004358
160,2125.65,0,0.00147,0,0,0,0,0,0,6e-05,0,0.0004259,0.0004259,0.0004259
161,2138.96,0,0.00148,0,0,0,0,0,0,6e-05,0,0.000416,0.000416,0.000416
162,2152.32,0,0.00149,0,0,0,0,0,0,6e-05,0,0.0004061,0.0004061,0.0004061
163,2165.57,0,0.00148,0,0,0,0,0,0,6e-05,0,0.0003962,0.0003962,0.0003962
164,2178.87,0,0.00147,0,0,0,0,0,0,6e-05,0,0.0003863,0.0003863,0.0003863
165,2191.76,0,0.00147,0,0,0,0,0,0,6e-05,0,0.0003764,0.0003764,0.0003764
166,2204.79,0,0.00148,0,0,0,0,0,0,6e-05,0,0.0003665,0.0003665,0.0003665
167,2217.92,0,0.00147,0,0,0,0,0,0,6e-05,0,0.0003566,0.0003566,0.0003566
168,2231.11,0,0.00147,0,0,0,0,0,0,6e-05,0,0.0003467,0.0003467,0.0003467
169,2244.19,0,0.00148,0,0,0,0,0,0,6e-05,0,0.0003368,0.0003368,0.0003368
170,2257.23,0,0.00148,0,0,0,0,0,0,6e-05,0,0.0003269,0.0003269,0.0003269
171,2270.58,0,0.00147,0,0,0,0,0,0,6e-05,0,0.000317,0.000317,0.000317
172,2283.6,0,0.00147,0,0,0,0,0,0,6e-05,0,0.0003071,0.0003071,0.0003071
173,2296.64,0,0.00147,0,0,0,0,0,0,6e-05,0,0.0002972,0.0002972,0.0002972
174,2309.74,0,0.00147,0,0,0,0,0,0,6e-05,0,0.0002873,0.0002873,0.0002873
175,2322.81,0,0.00147,0,0,0,0,0,0,6e-05,0,0.0002774,0.0002774,0.0002774
176,2335.78,0,0.00147,0,0,0,0,0,0,6e-05,0,0.0002675,0.0002675,0.0002675
177,2348.76,0,0.00147,0,0,0,0,0,0,6e-05,0,0.0002576,0.0002576,0.0002576
178,2361.89,0,0.00147,0,0,0,0,0,0,6e-05,0,0.0002477,0.0002477,0.0002477
179,2375.5,0,0.00147,0,0,0,0,0,0,6e-05,0,0.0002378,0.0002378,0.0002378
180,2388.61,0,0.00147,0,0,0,0,0,0,6e-05,0,0.0002279,0.0002279,0.0002279
181,2401.73,0,0.00147,0,0,0,0,0,0,6e-05,0,0.000218,0.000218,0.000218
182,2414.8,0,0.00147,0,0,0,0,0,0,6e-05,0,0.0002081,0.0002081,0.0002081
183,2427.91,0,0.00147,0,0,0,0,0,0,6e-05,0,0.0001982,0.0001982,0.0001982
184,2440.96,0,0.00147,0,0,0,0,0,0,6e-05,0,0.0001883,0.0001883,0.0001883
185,2453.98,0,0.00147,0,0,0,0,0,0,6e-05,0,0.0001784,0.0001784,0.0001784
186,2467.21,0,0.00147,0,0,0,0,0,0,6e-05,0,0.0001685,0.0001685,0.0001685
187,2480.32,0,0.00147,0,0,0,0,0,0,6e-05,0,0.0001586,0.0001586,0.0001586
188,2493.3,0,0.00147,0,0,0,0,0,0,6e-05,0,0.0001487,0.0001487,0.0001487
189,2506.15,0,0.00147,0,0,0,0,0,0,6e-05,0,0.0001388,0.0001388,0.0001388
190,2519.18,0,0.00147,0,0,0,0,0,0,6e-05,0,0.0001289,0.0001289,0.0001289
191,2532.24,0,0.00147,0,0,0,0,0,0,6e-05,0,0.000119,0.000119,0.000119
192,2545.2,0,0.00147,0,0,0,0,0,0,6e-05,0,0.0001091,0.0001091,0.0001091
193,2558.14,0,0.00147,0,0,0,0,0,0,6e-05,0,9.92e-05,9.92e-05,9.92e-05
194,2571.61,0,0.00147,0,0,0,0,0,0,6e-05,0,8.93e-05,8.93e-05,8.93e-05
195,2584.72,0,0.00148,0,0,0,0,0,0,6e-05,0,7.94e-05,7.94e-05,7.94e-05
196,2597.7,0,0.00147,0,0,0,0,0,0,6e-05,0,6.95e-05,6.95e-05,6.95e-05
197,2610.61,0,0.00147,0,0,0,0,0,0,6e-05,0,5.96e-05,5.96e-05,5.96e-05
198,2623.85,0,0.00147,0,0,0,0,0,0,6e-05,0,4.97e-05,4.97e-05,4.97e-05
199,2637.01,0,0.00147,0,0,0,0,0,0,6e-05,0,3.98e-05,3.98e-05,3.98e-05
200,2650.18,0,0.00147,0,0,0,0,0,0,6e-05,0,2.99e-05,2.99e-05,2.99e-05
