calibration_video_file_name,who_digitized,date_digitized,distance_pixels,known_distance_mm,pixels_per_mm,notes,Instructions
cali_c5_15Oct2025,Zephyr,04Mar2026,851.9671,70,12.1710,,Drag & drop .avi cali file into ImageJ > Ok
cali_c3_15Oct2025,Zephyr,04Mar2026,637.0917,90,7.0788,,"Using the line tool, drag the longest line possible across the ruler. Use the side of the ruler that has the small 0.5 mm tick marks. The longer the distance of the line, the less error"
cali_c2_15Oct2025,Zephyr,04Mar2026,641.9278,90,7.1325,,"Use Ctrl+""plus"" and Ctrl+""minus"" to zoom in and out"
cali_c1_15Oct2025,Zephyr,04Mar2026,572.0393,80,7.1505,,"Get the exact distance; if you put the line starting on the right side of the black tick mark, then make sure the line ends on the right side of the black tick mark"
cali_c1_12Oct2025,Zephyr,04Mar2026,822.0159,80,10.2752,,Analyze > Set scale > Copy & Paste the distance in pixels into the spreadsheet
cali_c2_11Oct2025,Zephyr,04Mar2026,689.9038,90,7.6656,,"Count how many mm the line covers; enter into spreadsheet (I like to choose round distances, like 50, 60, 70 mm so I don't have any human math/counting errors) "
cali_c1_11Oct2025,Zephyr,04Mar2026,949.2004,100,9.4920,,"Exit out of the ""set scale"" window by hitting ""cancel."" Exit out of the video. Load a new video."
cali_c6_06Oct2025,Zephyr,04Mar2026,545.9904,70,7.7999,,
cali_c5_06Oct2025,Zephyr,04Mar2026,591.0009,60,9.8500,,
cali_c4_06Oct2025,Zephyr,04Mar2026,677.0068,60,11.2834,,
cali_c2_06Oct2025,Zephyr,04Mar2026,600.0378,60,10.0006,,
cali_c1_06Oct2025,Zephyr,04Mar2026,624.9408,60,10.4157,had to use bigger marks because top is a tiny bit cut off,
cali_c12_05Oct2025,Zephyr,04Mar2026,650.0377,70,9.2863,,
cali_c10_05Oct2025,Zephyr,04Mar2026,646.4349,70,9.2348,,
cali_c9_05Oct2025,Zephyr,11Mar2026,562.0077,40,14.0502,,
cali_c8_05Oct2025,Zephyr,11Mar2026,546.0769,40,13.6519,had to use bigger marks because top is a tiny bit cut off,
cali_c7_05Oct2025,Zephyr,11Mar2026,726.9616,100,7.2696,,
cali_c6_05Oct2025,Zephyr,11Mar2026,881.9894,120,7.3499,,
cali_c5_05Oct2025,Zephyr,11Mar2026,792.0095,110,7.2001,,
cali_c4_05Oct2025,Zephyr,11Mar2026,860.8444,120,7.1737,,
cali_c3_05Oct2025,Zephyr,11Mar2026,859.9712,120,7.1664,,
cali_c2_05Oct2025,Zephyr,11Mar2026,722.0423,80,9.0255,,
cali_c1_05Oct2025,Zephyr,11Mar2026,452.0044,50,9.0401,,
cali_c3_04Oct2025,Zephyr,11Mar2026,879.0358,35,25.1153,,
cali_c2_04Oct2025,Zephyr,11Mar2026,185.0046,7,26.4292,was vertical between the platforms?? very short distance,
cali_c2_01Oct2025,Zephyr,11Mar2026,763.0419,80,9.5380,,
cali_c1_01Oct2025,Zephyr,11Mar2026,770.1161,70,11.0017,,
cali_c1_30Sept2025,Zephyr,11Mar2026,721.9693,90,8.0219,,
cali_c5_28Sept2025,Zephyr,11Mar2026,648.0371,120,5.4003,,
cali_c4_28Sept2025,Zephyr,11Mar2026,745.2372,130,5.7326,,
cali_c3_28Sept2025,Zephyr,11Mar2026,687.0030,110,6.2455,,
cali_c2_28Sept2025,Zephyr,11Mar2026,560.9696,90,6.2330,,
cali_c1_28Sept2025,Zephyr,11Mar2026,498.9375,80,6.2367,,
cali_c6_27Sept2025,Zephyr,11Mar2026,931.0341,70,13.3005,,
cali_c5_27Sept2025,Zephyr,11Mar2026,414.5026,15,27.6335,,
cali_c4_27Sept2025,Zephyr,11Mar2026,225.4634,8,28.1829,was vertical between the platforms?? very short distance,
cali_c3_27Sept2025,Zephyr,18Mar2026,206.1088,8,25.7636,,
cali_c2_27Sept2025,Zephyr,18Mar2026,563.2938,24,23.4706,,
cali_c1_27Sept2025,Zephyr,18Mar2026,607.8961,70,8.6842,,
cali_c6_25Sept2025,Zephyr,18Mar2026,443.0716,50,8.8614,,
cali_c4_25Sept2025,,,,,,not on flash (i can't tell which one im working on rn),
cali_c3_25Sept2025,,,,,,,
cali_c1_25Sept2025,,,,,,,
cali_c5_23Sept2025,Zephyr,18Mar2026,312.1914,60,5.2032,,
cali_c4_23Sept2025,Zephyr,18Mar2026,395.9512,70,5.6564,,
cali_c3_23Sept2025,Zephyr,18Mar2026,838.0319,100,8.3803,,
cali_c2_23Sept2025,Zephyr,18Mar2026,930.9818,90,10.3442,,
cali_c1_23Sept2025,Zephyr,18Mar2026,767.9785,120,6.3998,,
cali_c1_22Sept2025,Zephyr,18Mar2026,835.0024,130,6.4231,,
cali_c3_21Sept2025,Zephyr,18Mar2026,763.9457,120,6.3662,,
cali_c2_21Sept2025,Zephyr,18Mar2026,868.1547,110,7.8923,,
cali_c1_21Sept2025,Zephyr,18Mar2026,877.0402,100,8.7704,,
cali_c6_20Sept2025,Zephyr,18Mar2026,588.9762,70,8.4139,,
cali_c5_20Sept2025,Zephyr,18Mar2026,663.9959,100,6.6400,,
cali_c4_20Sept2025,Zephyr,18Mar2026,492.0851,60,8.2014,,
cali_c3_20Sept2025,Zephyr,18Mar2026,655.9962,80,8.2000,,
cali_c2_20Sept2025,Zephyr,18Mar2026,724.0249,70,10.3432,,
cali_c1_20Sept2025,Zephyr,18Mar2026,685.0066,50,13.7001,,
cali_c3_18Sept2025,Zephyr,18Mar2026,756.9928,50,15.1399,,
cali_c2_18Sept2025,Zephyr,18Mar2026,758.0000,50,15.1600,,
cali_c1_27Oct2025,Zephyr,18Mar2026,622.0804,50,12.4416,,
cali_c1_29Oct2025,Zephyr,18Mar2026,245.0625,30,8.1688,,
cali_c1_31Oct2025,Zephyr,18Mar2026,227.3728,10,22.7373,,
cali_c2_27Oct2025,Zephyr,18Mar2026,992.1332,100,9.9213,,
cali_c2_29Oct2025,Zephyr,18Mar2026,573.0035,70,8.1858,,
cali_c2_31Oct2025,Zephyr,18Mar2026,223.1516,8,27.8940,,
cali_c3_29Oct2025,Zephyr,1Apr2026,818.0409,100,8.1804,,
cali_c1_02Nov2025,Zephyr,1Apr2026,619.2560,60,10.3209,,
cali_c2_02Nov2025,Zephyr,1Apr2026,829.9432,90,9.2216,,
cali_c3_02Nov2025,Zephyr,1Apr2026,716.0000,100,7.1600,,
cali_c4_02Nov2025,Zephyr,1Apr2026,776.0472,120,6.4671,,
cali_c5_02Nov2025,Zephyr,1Apr2026,723.1421,130,5.5626,,
cali_c1_03Nov2025,Zephyr,1Apr2026,206.0398,11,18.7309,,
cali_c2_03Nov2025,Zephyr,1Apr2026,593.4403,40,14.8360,,
cali_c1_04Nov2025,Zephyr,1Apr2026,399.1055,50,7.9821,6.2640,
cali_c1_06Nov2025,Zephyr,1Apr2026,679.9485,60,11.3325,,
cali_c2_06Nov2025,Zephyr,1Apr2026,649.0932,70,9.2728,,
cali_c3_06Nov2025,Zephyr,1Apr2026,785.0637,70,11.2152,,
cali_c1_12Nov2025,Zephyr,1Apr2026,180.0104,11,16.3646,,
cali_c2_12Nov2025,Zephyr,1Apr2026,180.0420,11,16.3675,,
cali_c3_12Nov2025,Zephyr,1Apr2026,569.0010,30,18.9667,,
cali_c4_12Nov2025,Zephyr,1Apr2026,915.0820,33,27.7298,,
cali_c1_12Jan2026,Zephyr,1Apr2026,450.0010,60,7.5000,,
cali_c2_12Jan2026,Zephyr,16Mar2026,501.0417,70,7.1577,,
cali_c3_12Jan2026,Zephyr,16Mar2026,644.9504,90,7.1661,,
cali_c4_12Jan2026,Zephyr,16Mar2026,675.4874,70,9.6498,,
cali_c1_26Jan2026,Zephyr,16Mar2026,383.9076,40,9.5977,,
cali_c1_28Jan2026,Zephyr,16Mar2026,381.0323,40,9.5258,,
cali_c2_28Jan2026,Zephyr,16Mar2026,881.2183,110,8.0111,,
cali_c3_28Jan2026,Zephyr,16Mar2026,421.0012,70,6.0143,,
cali_c1_02Feb2026,Zephyr,16Mar2026,361.0638,60,6.0177,,
cali_c2_02Feb2026,Zephyr,16Mar2026,363.0055,60,6.0501,,
cali_c3_02Feb2026,Zephyr,25Feb2026,312.8750,40.0,7.8219,,
cali_c4_02Feb2026,Zephyr,25Feb2026,549.9915,70.0,7.8570,,
cali_c1_04Feb2026,Zephyr,25Feb2026,636.0128,80.0,7.9502,,
cali_c1_09Feb2026,Zephyr,25Feb2026,474.0169,60.0,7.9003,,
cali_c1_11Feb2026,,,,,,"on g flash, needs to get transfered",
cali_c2_11Feb2026,Zephyr,25Feb2026,741.9747,90.0,8.2442,,
cali_c1_12Feb2026,Zephyr,25Feb2026,559.9601,70.0,7.9994,,
cali_c2_12Feb2026,Zephyr,25Feb2026,711.0138,90.0,7.9002,,
cali_c1_19Feb2026,Zephyr,25Feb2026,617.0292,40.0,15.4257,,
cali_c1_23Feb2026,Zephyr,25Feb2026,400.0678,70.0,5.7153,,
cali_c1_24Feb2026,Zephyr,25Feb2026,575.8964,100.0,5.7590,,
cali_c2_24Feb2026,Zephyr,25Feb2026,403.0326,70.0,5.7576,,
cali_c1_25Feb2026,Zephyr,16Mar2026,521.2113,90,5.7912,,
cali_c1_27Feb2026,Zephyr,16Mar2026,559.0555,80,6.9882,,
cali_c1_02Mar2026,Zephyr,18Mar2026,344.9500,50,6.8990,,
cali_c2_02Mar2026,Zephyr,18Mar2026,616.9762,90,6.8553,,
cali_c1_03Mar2026,Zephyr,8Apr2026,614.0293,90,6.8225,,
cali_c1_04Mar2026,Zephyr,8Apr2026,542.0009,80,6.7750,,
cali_c2_04Mar2026,Zephyr,8Apr2026,614.0130,90,6.8224,,
cali_c1_09Mar2026,Zephyr,8Apr2026,476.0011,70,6.8000,,
cali_c1_10Mar2026,Zephyr,8Apr2026,671.0000,100,6.7100,,
cali_c2_10Mar2026,Zephyr,8Apr2026,464.0572,70,6.6294,,
cali_c1_11Mar2026,Zephyr,8Apr2026,819.9711,120,6.8331,,
cali_c2_11Mar2026,Zephyr,8Apr2026,473.0806,70,6.7583,,
cali_c1_16Mar2026,Zephyr,8Apr2026,629.0509,90,6.9895,,
cali_c2_16Mar2026,Zephyr,8Apr2026,760.0026,110,6.9091,,
cali_c3_16Mar2026,Zephyr,8Apr2026,823.9785,120,6.8665,,
cali_c4_16Mar2026,Zephyr,8Apr2026,827.0007,120,6.8917,,
cali_c5_16Mar2026,Zephyr,8Apr2026,827.0024,120,6.8917,,
cali_c1_17Mar2026,Zephyr,8Apr2026,370.0229,60,6.1670,,
cali_c1_18Mar2026,Zephyr,8Apr2026,553.0462,90,6.1450,,
cali_c1_30Mar2026,,,,,,,
cali_c1_31Mar2026,,,,,,,
cali_c2_31Mar2026,,,,,,,
cali_c1_01Apr2026,,,,,,,
cali_c2_01Apr2026,,,,,,,
cali_c3_01Apr2026,,,,,,,
cali_c4_01Apr2026,,,,,,,
cali_c1_06Apr2026,,,,,,,
cali_c2_06Apr2026,,,,,,,
cali_c1_07Apr2026,,,,,,,