calibration_video_file_name,who_digitized,distance_pixels,known_distance_mm,pixels_per_mm,notes
cali_c5_15Oct2025,Sophie,852.3427,70,12.1763,
cali_c3_15Oct2025,Sophie,637.1876,90,7.0799,
cali_c2_15Oct2025,Sophie,642.1251,90,7.1347,
cali_c1_15Oct2025,Sophie,501.004,70,7.1572,
cali_c1_12Oct2025,Sophie,719.0954,70,10.2728,
cali_c2_11Oct2025,Sophie,384.0692,50,7.6814,
cali_c1_11Oct2025,Sophie,759.1686,80,9.4896,
cali_c6_06Oct2025,Sophie,546.125,70,7.8018,
cali_c5_06Oct2025,Sophie,591.0007,60,9.85,
cali_c4_06Oct2025,Sophie,677.0066,60,11.2834,
cali_c2_06Oct2025,Sophie,600.1919,60,10.0032,
cali_c1_06Oct2025,Sophie,624.505,60,10.4084,
cali_c12_05Oct2025,Sophie,650.0075,70,9.2858,
cali_c10_05Oct2025,Sophie,647.2892,70,9.247,
cali_c9_05Oct2025,Sophie,632.0334,45,14.0452,
cali_c8_05Oct2025,Sophie,560.0247,40,14.0006,
cali_c7_05Oct2025,Sophie,654.069,90,7.2674,
cali_c6_05Oct2025,Sophie,808.0782,110,7.3462,
cali_c5_05Oct2025,Sophie,792.0404,110,7.2004,
cali_c4_05Oct2025,Sophie,715.0445,100,7.1504,
cali_c3_05Oct2025,Sophie,788.0026,110,7.1637,
cali_c2_05Oct2025,Sophie,541.0036,60,9.0167,
cali_c1_05Oct2025,Sophie,498.0039,55,9.0546,
cali_c3_04Oct2025,Sophie,879.9527,35,25.1415,
cali_c2_04Oct2025,Sophie,212.0649,8,26.5081,
cali_c2_01Oct2025,Sophie,858.9948,90,9.5444,
cali_c1_01Oct2025,Sophie,881.146,80,11.0143,
cali_c1_30Sept2025,Sophie,722.0028,90,8.0223,
cali_c5_28Sept2025,Sophie,648.0591,120,5.4005,
cali_c4_28Sept2025,Sophie,688.2699,120,5.7356,
cali_c3_28Sept2025,Sophie,687.0342,110,6.2458,
cali_c2_28Sept2025,Sophie,561.0321,90,6.2337,
cali_c1_28Sept2025,Sophie,437.0324,70,6.2433,
cali_c6_27Sept2025,Sophie,931.0787,70,13.3011,
cali_c5_27Sept2025,Sophie,497.6458,18,27.647,
cali_c4_27Sept2025,Sophie,234.4188,8.5,27.5787,
cali_c3_27Sept2025,Sophie,206.9913,8,25.8739,
cali_c2_27Sept2025,Sophie,540.2809,23,23.4905,
cali_c1_27Sept2025,Sophie,607.0203,70,8.6717,
cali_c6_25Sept2025,Sophie,442.963,50,8.8593,
cali_c4_25Sept2025,Sophie,823.0996,40,20.5775,
cali_c3_25Sept2025,Sophie,395.0505,19,20.7921,
cali_c1_25Sept2025,Sophie,628.0963,80,7.8512,
cali_c5_23Sept2025,Sophie,521.3413,100,5.2134,
cali_c4_23Sept2025,Sophie,453.0848,80,5.6636,
cali_c3_23Sept2025,Sophie,838.0216,100,8.3802,
cali_c2_23Sept2025,Sophie,930.8884,90,10.3432,
cali_c1_23Sept2025,Sophie,641.0385,100,6.4104,
cali_c1_22Sept2025,Sophie,835.0647,130,6.4236,
cali_c3_21Sept2025,Sophie,766.9379,120,6.3911,
cali_c2_21Sept2025,Sophie,948.23,120,7.9019,
cali_c6_20Sept2025,Sophie,593.5381,70,8.4791,
cali_c5_20Sept2025,Sophie,730.274,110,6.6389,
cali_c4_20Sept2025,Sophie,493.1776,60,8.2196,
cali_c3_20Sept2025,Sophie,737.9202,90,8.1991,
cali_c2_20Sept2025,Sophie,829.0632,80,10.3633,
cali_c1_20Sept2025,Sophie,824.011,60,13.7335,
cali_c3_18Sept2025,Sophie,756.0238,50,15.1205,
cali_c2_18Sept2025,Sophie,754.1254,50,15.0825,
cali_c1_21Sept2025,Sophie,966.0085,110,8.7819,
cali_c1_27Oct2025,Sophie,497.7219,40,12.443,
cali_c1_29Oct2025,Sophie,571.5628,70,8.1652,
cali_c1_31Oct2025,Sophie,227.6311,10,22.7631,had to adjust brightness on this one
cali_c2_27Oct2025,Sophie,932.1101,94,9.9161,
cali_c2_29Oct2025,Sophie,557.0635,68,8.1921,
cali_c2_31Oct2025,Sophie,195.1042,7,27.872,
cali_c3_29Oct2025,Sophie,899.0401,110,8.1731,
cali_c1_02Nov2025,Sophie,619.3242,60,10.3221,
cali_c2_02Nov2025,Sophie,831.4762,90,9.2386,
cali_c3_02Nov2025,Sophie,573.0312,80,7.1629,
cali_c4_02Nov2025,Sophie,776.0161,120,6.4668,
cali_c5_02Nov2025,Sophie,723.055,130,5.562,
cali_c1_03Nov2025,Sophie,206.1131,11,18.7376,
cali_c2_03Nov2025,Sophie,593.4496,40,14.8362,
cali_c1_04Nov2025,Sophie,600.9591,75,8.0128,
cali_c1_06Nov2025,Sophie,726.0112,64,11.3439,
cali_c2_06Nov2025,Sophie,696.0557,75,9.2807,
cali_c3_06Nov2025,Sophie,853.1105,76,11.2251,
cali_c1_12Nov2025,Sophie,504.3168,45,11.207,
cali_c2_12Nov2025,Sophie,245.0392,15,16.3359,
cali_c3_12Nov2025,Sophie,664.0008,35,18.9715,
cali_c4_12Nov2025,Sophie,693.0948,25,27.7238,
cali_c1_12Jan2026,,,,,
cali_c2_12Jan2026,,,,,
cali_c3_12Jan2026,,,,,
cali_c4_12Jan2026,,,,,
cali_c1_26Jan2026,,,,,
cali_c1_28Jan2026,,,,,
cali_c2_28Jan2026,,,,,
cali_c3_28Jan2026,,,,,
cali_c1_02Feb2026,,,,,
cali_c2_02Feb2026,,,,,
cali_c3_02Feb2026,,,,,
cali_c4_02Feb2026,,,,,
cali_c1_04Feb2026,,,,,
cali_c1_09Feb2026,,,,,
cali_c1_11Feb2026,,,,,
cali_c2_11Feb2026,,,,,
cali_c1_12Feb2026,,,,,
cali_c2_12Feb2026,,,,,
cali_c1_19Feb2026,,,,,
cali_c1_23Feb2026,,,,,
cali_c1_24Feb2026,,,,,
cali_c2_24Feb2026,,,,,
cali_c1_25Feb2026,,,,,
cali_c1_25Feb2026,,,,,
cali_c1_27Feb2026,,,,,
cali_c1_02Mar2026,,,,,
cali_c2_02Mar2026,,,,,
cali_c1_03Mar2026,,,,,
cali_c1_04Mar2026,,,,,
cali_c2_04Mar2026,,,,,
cali_c1_09Mar2026,,,,,
cali_c1_10Mar2026,,,,,
cali_c2_10Mar2026,,,,,
cali_c1_11Mar2026,,,,,
cali_c2_11Mar2026,,,,,
cali_c1_16Mar2026,,,,,
cali_c2_16Mar2026,,,,,
cali_c3_16Mar2026,,,,,
cali_c4_16Mar2026,,,,,
cali_c5_16Mar2026,,,,,
cali_c1_17Mar2026,,,,,
cali_c1_18Mar2026,,,,,
cali_c1_30Mar2026,,,,,
cali_c1_31Mar2026,,,,,
cali_c2_31Mar2026,,,,,
cali_c1_01Apr2026,,,,,
cali_c2_01Apr2026,,,,,
cali_c3_01Apr2026,,,,,
cali_c4_01Apr2026,,,,,
cali_c1_06Apr2026,,,,,
cali_c2_06Apr2026,,,,,
cali_c1_07Apr2026,,,,,